{
  "project_info": {
    "project_number": "946620944455",
    "firebase_url": "https://fir-authentication-3215c.firebaseio.com",
    "project_id": "fir-authentication-3215c",
    "storage_bucket": "fir-authentication-3215c.appspot.com"
  },
  "client": [
    {
      "client_info": {
        "mobilesdk_app_id": "1:946620944455:android:aa85494fc1e16d9e",
        "android_client_info": {
          "package_name": "com.androidtutorialpoint.firebaseauthenication"
        }
      },
      "oauth_client": [
        {
          "client_id": "946620944455-28mrejhchbt2jiss1p89f945gf065djf.apps.googleusercontent.com",
          "client_type": 1,
          "android_info": {
            "package_name": "com.androidtutorialpoint.firebaseauthenication",
            "certificate_hash": "96548C1D6290EC03AABCB4E1045F41F1DFECBDF2"
          }
        },
        {
          "client_id": "946620944455-90i9a73m1v9k3l2e3lfuel7fjibucb8s.apps.googleusercontent.com",
          "client_type": 3
        }
      ],
      "api_key": [
        {
          "current_key": "AIzaSyCgLz0xm2zs5UGYvExCUXcDv6GgJzOIanc"
        }
      ],
      "services": {
        "analytics_service": {
          "status": 1
        },
        "appinvite_service": {
          "status": 2,
          "other_platform_oauth_client": [
            {
              "client_id": "946620944455-90i9a73m1v9k3l2e3lfuel7fjibucb8s.apps.googleusercontent.com",
              "client_type": 3
            }
          ]
        },
        "ads_service": {
          "status": 2
        }
      }
    },
    {
      "client_info": {
        "mobilesdk_app_id": "1:946620944455:android:b712174e77925de2",
        "android_client_info": {
          "package_name": "com.androidtutorialpoint.firebaseauthentication"
        }
      },
      "oauth_client": [
        {
          "client_id": "946620944455-90i9a73m1v9k3l2e3lfuel7fjibucb8s.apps.googleusercontent.com",
          "client_type": 3
        }
      ],
      "api_key": [
        {
          "current_key": "AIzaSyCgLz0xm2zs5UGYvExCUXcDv6GgJzOIanc"
        }
      ],
      "services": {
        "analytics_service": {
          "status": 1
        },
        "appinvite_service": {
          "status": 1,
          "other_platform_oauth_client": []
        },
        "ads_service": {
          "status": 2
        }
      }
    },
    {
      "client_info": {
        "mobilesdk_app_id": "1:946620944455:android:27a153291fa0d432",
        "android_client_info": {
          "package_name": "com.androidtutorialpoint.androidfirebaselogin"
        }
      },
      "oauth_client": [
        {
          "client_id": "946620944455-90i9a73m1v9k3l2e3lfuel7fjibucb8s.apps.googleusercontent.com",
          "client_type": 3
        }
      ],
      "api_key": [
        {
          "current_key": "AIzaSyCgLz0xm2zs5UGYvExCUXcDv6GgJzOIanc"
        }
      ],
      "services": {
        "analytics_service": {
          "status": 1
        },
        "appinvite_service": {
          "status": 1,
          "other_platform_oauth_client": []
        },
        "ads_service": {
          "status": 2
        }
      }
    }
  ],
  "configuration_version": "1"
}